{"0":{"0":1.0,"1":0.7050012236,"2":0.0002454625,"3":0.1462854714,"4":0.8035459711,"5":0.8101830453},"1":{"0":1.0,"1":1.0,"2":0.000355529,"3":0.360830559,"4":0.8518829463,"5":0.6736381743},"2":{"0":1.0,"1":1.0,"2":1.0,"3":0.1308231876,"4":0.0374094257,"5":0.3096395759},"3":{"0":1.0,"1":1.0,"2":1.0,"3":1.0,"4":0.0865817213,"5":0.0076178735},"4":{"0":1.0,"1":1.0,"2":1.0,"3":1.0,"4":1.0,"5":0.9621140085},"5":{"0":1.0,"1":1.0,"2":1.0,"3":1.0,"4":1.0,"5":1.0}}