{"0":{"0":1.0,"1":0.5351710791,"2":0.7661204028,"3":0.0000179758,"4":0.1042364924,"5":0.2762727069,"6":0.9998278416},"1":{"0":1.0,"1":1.0,"2":0.092316416,"3":0.1695666016,"4":0.4713023171,"5":0.0020209142,"6":0.044266362},"2":{"0":1.0,"1":1.0,"2":1.0,"3":0.0010970163,"4":0.8587444566,"5":0.6342930894,"6":0.4869774138},"3":{"0":1.0,"1":1.0,"2":1.0,"3":1.0,"4":0.1032667865,"5":0.0028287727,"6":0.5810799898},"4":{"0":1.0,"1":1.0,"2":1.0,"3":1.0,"4":1.0,"5":0.0001679316,"6":0.002195199},"5":{"0":1.0,"1":1.0,"2":1.0,"3":1.0,"4":1.0,"5":1.0,"6":0.185696892},"6":{"0":1.0,"1":1.0,"2":1.0,"3":1.0,"4":1.0,"5":1.0,"6":1.0}}