{"0":{"0":1.0,"1":0.0082855362,"2":0.0046356822,"3":0.126776063,"4":0.3381903317,"5":0.0837589705},"1":{"0":1.0,"1":1.0,"2":0.000000218,"3":0.5497625839,"4":0.0774431679,"5":0.8442747307},"2":{"0":1.0,"1":1.0,"2":1.0,"3":0.0169725991,"4":0.7198308415,"5":0.3472020246},"3":{"0":1.0,"1":1.0,"2":1.0,"3":1.0,"4":0.7194013589,"5":0.0226955769},"4":{"0":1.0,"1":1.0,"2":1.0,"3":1.0,"4":1.0,"5":0.1675797252},"5":{"0":1.0,"1":1.0,"2":1.0,"3":1.0,"4":1.0,"5":1.0}}